rank,wordCount,pages,title,slug,file
1,340,14-14,"Moza Jarfist",moza-jarfist,articles/moza-jarfist.json
2,278,26-26,"win!",win,articles/win.json
3,259,13-13,"urban archaeology",urban-archaeology,articles/urban-archaeology.json
4,239,29-29,"tsumori chisato",tsumori-chisato,articles/tsumori-chisato.json
5,199,26-26,"the global nylon style",the-global-nylon-style,articles/the-global-nylon-style.json
6,181,21-21,"rocking the streets",rocking-the-streets,articles/rocking-the-streets.json
7,169,4-4,"Editorial",editorial,articles/editorial.json
8,165,7-7,"five minutes with ... dj katovl menovsky",five-minutes-with-dj-katovl-menovsky,articles/five-minutes-with-dj-katovl-menovsky.json
9,155,6-6,"Gut erkannt",gut-erkannt,articles/gut-erkannt.json
10,154,7-7,"nuts for jericho!!",nuts-for-jericho,articles/nuts-for-jericho.json
11,151,12-12,"adidas skate clash IV @ cassiopaia",adidas-skate-clash-iv-cassiopaia,articles/adidas-skate-clash-iv-cassiopaia.json
12,139,29-29,"velvet hour",velvet-hour,articles/velvet-hour.json
13,125,17-17,"Das neue Album von der Grammy-Gewinner Rockband Weezer",das-neue-album-von-der-grammy-gewinner-rockband-weezer,articles/das-neue-album-von-der-grammy-gewinner-rockband-weezer.json
14,125,17-17,"katovl menovsky’s sounds",katovl-menovsky-s-sounds,articles/katovl-menovsky-s-sounds.json
15,124,18-18,"feature",feature,articles/feature.json
16,118,9-9,"the helder hype",the-helder-hype,articles/the-helder-hype.json
17,116,11-11,"kellerparty @ x-berg!",kellerparty-x-berg,articles/kellerparty-x-berg.json
18,107,7-7,"tamagotchi 2.0",tamagotchi-2-0,articles/tamagotchi-2-0.json
19,107,22-22,"Unser proud Fotograf hat von deinem Flirtblick geschwärmt",unser-proud-fotograf-hat-von-deinem-flirtblick-geschwaermt,articles/unser-proud-fotograf-hat-von-deinem-flirtblick-geschwaermt.json
20,99,10-10,"duyalog theaterfest & ballhaus",duyalog-theaterfest-ballhaus,articles/duyalog-theaterfest-ballhaus.json
21,92,17-17,"Das Schwestern-Quartett Cherish",das-schwestern-quartett-cherish,articles/das-schwestern-quartett-cherish.json
22,89,12-12,"tanzmichmal @ lido",tanzmichmal-lido,articles/tanzmichmal-lido.json
23,86,11-11,"kreativmesse @ lido",kreativmesse-lido,articles/kreativmesse-lido.json
24,83,6-6,"Flap..flap ...flap",flap-flap-flap,articles/flap-flap-flap.json
25,80,19-19,"moritz stellmacher",moritz-stellmacher-2,articles/moritz-stellmacher-2.json
26,79,29-29,"richard ruiz",richard-ruiz,articles/richard-ruiz.json
27,78,20-20,"benjamin heps",benjamin-heps,articles/benjamin-heps.json
28,78,6-6,"Die schönste Äußerung",die-schoenste-aeusserung,articles/die-schoenste-aeusserung.json
29,73,29-29,"Nagi Noda",nagi-noda,articles/nagi-noda.json
30,71,6-6,"Hypnose...",hypnose,articles/hypnose.json
31,70,8-8,"kellerparty berlin",kellerparty-berlin,articles/kellerparty-berlin.json
32,68,8-8,"capital sin",capital-sin,articles/capital-sin.json
33,66,8-8,"how to use 1700 €",how-to-use-1700,articles/how-to-use-1700.json
34,65,29-29,"dear sparkasse",dear-sparkasse,articles/dear-sparkasse.json
35,62,17-17,"1977 kam Nina Hagen mit diesem Album zum ersten Mal in der BRD heraus",1977-kam-nina-hagen-mit-diesem-album-zum-ersten-mal-in-der-brd-heraus,articles/1977-kam-nina-hagen-mit-diesem-album-zum-ersten-mal-in-der-brd-heraus.json
36,60,6-6,"Kitlers",kitlers,articles/kitlers.json
37,59,17-17,"Rising Down wird das zehnte Album der aus Philadelphia stammenden Band The Roots sein.",rising-down-wird-das-zehnte-album-der-aus-philadelphia-stammenden-band-the-roots-sein,articles/rising-down-wird-das-zehnte-album-der-aus-philadelphia-stammenden-band-the-roots-sein.json
38,58,8-8,"epie",epie,articles/epie.json
39,57,9-9,"16.phud beatbox battle convention",16-phud-beatbox-battle-convention,articles/16-phud-beatbox-battle-convention.json
40,56,17-17,"Last Night.",last-night,articles/last-night.json
41,53,7-7,"200 calories...",200-calories,articles/200-calories.json
42,48,15-15,"dj craft vs. proud magazine",dj-craft-vs-proud-magazine,articles/dj-craft-vs-proud-magazine.json
43,48,18-18,"Jonas studiert an der UdK Berlin. Vor ein paar anren hat er Vektorgrafiken",jonas-studiert-an-der-udk-berlin-vor-ein-paar-anren-hat-er-vektorgrafiken,articles/jonas-studiert-an-der-udk-berlin-vor-ein-paar-anren-hat-er-vektorgrafiken.json
44,47,7-7,"mr. blentwell",mr-blentwell,articles/mr-blentwell.json
45,46,8-8,"animation vs. animator",animation-vs-animator,articles/animation-vs-animator.json
46,45,9-9,"dancing thursday",dancing-thursday,articles/dancing-thursday.json
47,45,28-28,"shoot",shoot,articles/shoot.json
48,44,17-17,"Arids neues Album All Things come In Waves",arids-neues-album-all-things-come-in-waves,articles/arids-neues-album-all-things-come-in-waves.json
49,44,17-17,"Auch das neue Album von Van Morrison",auch-das-neue-album-von-van-morrison,articles/auch-das-neue-album-von-van-morrison.json
50,44,9-9,"radioskateboards",radioskateboards,articles/radioskateboards.json
51,43,21-21,"BITTE!!",bitte,articles/bitte.json
52,43,21-21,"Ist das Punk oder Rock?",ist-das-punk-oder-rock,articles/ist-das-punk-oder-rock.json
53,43,8-8,"Jwii vs iphone",jwii-vs-iphone,articles/jwii-vs-iphone.json
54,42,19-19,"felipe guerrero",felipe-guerrero,articles/felipe-guerrero.json
55,37,9-9,"house of holland",house-of-holland,articles/house-of-holland.json
56,33,7-7,"photo?shop!",photo-shop,articles/photo-shop.json
57,30,6-6,"Kinder weggucken!",kinder-weggucken,articles/kinder-weggucken.json
58,29,24-24,"Style icon",style-icon,articles/style-icon.json
59,28,17-17,"R.E.M. verdffentlichen",r-e-m-verdffentlichen,articles/r-e-m-verdffentlichen.json
60,26,22-22,"Wer ist dein Fashion Hero?",wer-ist-dein-fashion-hero,articles/wer-ist-dein-fashion-hero.json
61,26,16-16,"X-1,9,4,5",x-1-9-4-5,articles/x-1-9-4-5.json
62,25,5-5,"MACK MCKELTON",mack-mckelton,articles/mack-mckelton.json
63,25,5-5,"SARAH-JANE BENNETT",sarah-jane-bennett,articles/sarah-jane-bennett.json
64,24,22-22,"7 days",7-days,articles/7-days.json
65,21,23-23,"Schwarzes Kleid mit roten Trägern, 790 Euro, Emma Cook",schwarzes-kleid-mit-roten-traegern-790-euro-emma-cook,articles/schwarzes-kleid-mit-roten-traegern-790-euro-emma-cook.json
66,20,5-5,"ANNE HAHNER",anne-hahner,articles/anne-hahner.json
67,20,5-5,"MORITZ STELLMACHER",moritz-stellmacher,articles/moritz-stellmacher.json
68,18,4-4,"MEET THE TEAM: EMIN “EINSTEIN” MAHRT",meet-the-team-emin-einstein-mahrt,articles/meet-the-team-emin-einstein-mahrt.json
69,17,23-23,"Braune Lederschuhe von 4Men, gekauft bei Deichmann, 45 Euro",braune-lederschuhe-von-4men-gekauft-bei-deichmann-45-euro,articles/braune-lederschuhe-von-4men-gekauft-bei-deichmann-45-euro.json
70,17,23-23,"Schwarz-lachs gestreiftes Top, 350 Euro, Tsumori Chrisato",schwarz-lachs-gestreiftes-top-350-euro-tsumori-chrisato,articles/schwarz-lachs-gestreiftes-top-350-euro-tsumori-chrisato.json
71,15,23-23,"Bunte Adidas Sneaker 30 Euro",bunte-adidas-sneaker-30-euro,articles/bunte-adidas-sneaker-30-euro.json
72,15,23-23,"Dunkelblaue Wollmütze, 15 Euro von H&M",dunkelblaue-wollmuetze-15-euro-von-h-m,articles/dunkelblaue-wollmuetze-15-euro-von-h-m.json
73,15,23-23,"Jeans von PJ, 40 Euro, irgendwo am Ernst-Reuter-Platz",jeans-von-pj-40-euro-irgendwo-am-ernst-reuter-platz,articles/jeans-von-pj-40-euro-irgendwo-am-ernst-reuter-platz.json
74,14,23-23,"Eskimo Winterjacke, 750 Euro, Tsumori Chrisato",eskimo-winterjacke-750-euro-tsumori-chrisato,articles/eskimo-winterjacke-750-euro-tsumori-chrisato.json
75,14,23-23,"Pinkgelbe retro Samtjacke, 280 Euro, Miu Miu",pinkgelbe-retro-samtjacke-280-euro-miu-miu,articles/pinkgelbe-retro-samtjacke-280-euro-miu-miu.json
76,14,23-23,"Zerrissenes weißes Hemd von Hugo Boss, 80 Euro",zerrissenes-weisses-hemd-von-hugo-boss-80-euro,articles/zerrissenes-weisses-hemd-von-hugo-boss-80-euro.json
77,13,23-23,"Pinkes Seiden-Nachtdress von Peach John, 25 Euro",pinkes-seiden-nachtdress-von-peach-john-25-euro,articles/pinkes-seiden-nachtdress-von-peach-john-25-euro.json
78,12,23-23,"Lachspinke Schuhe, 85 Euro, Vero Cuoio",lachspinke-schuhe-85-euro-vero-cuoio,articles/lachspinke-schuhe-85-euro-vero-cuoio.json
79,12,23-23,"Orangenfarbiges Muskelshirt, 11 Euro vom Flohmarkt",orangenfarbiges-muskelshirt-11-euro-vom-flohmarkt,articles/orangenfarbiges-muskelshirt-11-euro-vom-flohmarkt.json
80,12,23-23,"Orangenfarbiges Stirnband vom Flohmarkt, 5 Euro",orangenfarbiges-stirnband-vom-flohmarkt-5-euro,articles/orangenfarbiges-stirnband-vom-flohmarkt-5-euro.json
81,11,9-9,"...UNTER SCHUTZATMOSPHÄRE VERPACKT. TROCKEN LAGERN, VOR SONNE SCHÜTZEN.""",unter-schutzatmosphaere-verpackt-trocken-lagern-vor-sonne-schuetzen,articles/unter-schutzatmosphaere-verpackt-trocken-lagern-vor-sonne-schuetzen.json
82,11,17-17,"“nicht gesehn habt. Besucht die Band unter",nicht-gesehn-habt-besucht-die-band-unter,articles/nicht-gesehn-habt-besucht-die-band-unter.json
83,10,23-23,"Blaurot gemusterte Jacke, 350 Euro, Zucca",blaurot-gemusterte-jacke-350-euro-zucca,articles/blaurot-gemusterte-jacke-350-euro-zucca.json
84,9,23-23,"Jaguar Ohrclips, 7 Euro vom Flohmarkt",jaguar-ohrclips-7-euro-vom-flohmarkt,articles/jaguar-ohrclips-7-euro-vom-flohmarkt.json
85,8,7-7,"so gewohnt zu gehen und",so-gewohnt-zu-gehen-und,articles/so-gewohnt-zu-gehen-und.json
86,8,23-23,"Sonnenbrille, 280 Euro, Chanel",sonnenbrille-280-euro-chanel,articles/sonnenbrille-280-euro-chanel.json
